acc,f1s,cks,mcc,pre,rec,roc_auc
0.57184,0.0,0.0,0.0,0.0,0.0,0.5292552590834152
