acc,f1s,cks,mcc,pre,rec,roc_auc
0.5026372944461681,0.09690140845070422,-0.11238121198067486,-0.1559326053484713,0.22164948453608246,0.06200432588320115,0.4484033579786156
