acc,f1s,cks,mcc,pre,rec,roc_auc
0.5552389996834441,0.03170227429359062,-0.026562900061962935,-0.06773121227971184,0.23958333333333334,0.016974169741697416,0.4542525425254252
