acc,f1s,cks,mcc,pre,rec,roc_auc
0.5171329770512417,0.07803121248499399,-0.09064171755641692,-0.1386995298537927,0.21666666666666667,0.04758418740849195,0.4495339391519346
