acc,f1s,cks,mcc,pre,rec,roc_auc
0.5636248815914114,0.037604456824512536,-0.0088205072413996,-0.025024892808009316,0.35064935064935066,0.019867549668874173,0.5396646903306047
